<?xml version="1.0" encoding="UTF-8"?>
<project-private xmlns="http://www.netbeans.org/ns/project-private/1">
    <editor-bookmarks xmlns="http://www.netbeans.org/ns/editor-bookmarks/2" lastBookmarkId="0"/>
    <open-files xmlns="http://www.netbeans.org/ns/projectui-open-files/2">
        <group>
            <file>file:/C:/Users/lauso/Desktop/SRA/Prototipos%20-%20copia/src/Principal/Main.java</file>
            <file>file:/C:/Users/lauso/Desktop/SRA/Prototipos%20-%20copia/src/prototypes/Notas.java</file>
            <file>file:/C:/Users/lauso/Desktop/SRA/Prototipos%20-%20copia/src/prototypes/Home.java</file>
            <file>file:/C:/Users/lauso/Desktop/SRA/Prototipos%20-%20copia/src/cls_proyecto/clsAdministrador.java</file>
            <file>file:/C:/Users/lauso/Desktop/SRA/Prototipos%20-%20copia/src/prototypes/LogIn.java</file>
            <file>file:/C:/Users/lauso/Desktop/SRA/Prototipos%20-%20copia/src/prototypes/Crear.java</file>
            <file>file:/C:/Users/lauso/Desktop/SRA/Prototipos%20-%20copia/src/prototypes/Agregar.java</file>
            <file>file:/C:/Users/lauso/Desktop/SRA/Prototipos%20-%20copia/src/prototypes/Buscar.java</file>
            <file>file:/C:/Users/lauso/Desktop/SRA/Prototipos%20-%20copia/src/prototypes/VerDocente.java</file>
            <file>file:/C:/Users/lauso/Desktop/SRA/Prototipos%20-%20copia/src/prototypes/crearCurso.java</file>
            <file>file:/C:/Users/lauso/Desktop/SRA/Prototipos%20-%20copia/src/prototypes/crearMateria.java</file>
            <file>file:/C:/Users/lauso/Desktop/SRA/Prototipos%20-%20copia/src/prototypes/VerEstudiante.java</file>
        </group>
    </open-files>
</project-private>
